SKU,Price,Site,Date
S2448C,$51.95,Global Industrial,2022-04-29
P74C,$48.95,Global Industrial,2022-04-29
S2448Z,$73.95,Global Industrial,2022-04-29
P74Z,$78.95,Global Industrial,2022-04-29
S2448N,$66.95,Global Industrial,2022-04-29
P74N,$86.95,Global Industrial,2022-04-29
S2448S,$144.95,Global Industrial,2022-04-29
P74S,$152.95,Global Industrial,2022-04-29
S2448SS,$175.95,Global Industrial,2022-04-29
460EC2448,$31.90,Webstaurant,2022-04-29
460ECP74,$8.99,Webstaurant,2022-04-29
460EG2448,$31.90,Webstaurant,2022-04-29
460EGP74,$8.99,Webstaurant,2022-04-29
460SW2448,$78.15,Webstaurant,2022-04-29
460SSP74,$23.49,Webstaurant,2022-04-29
2448C,$66.49,Webstaurant,2022-04-29
2448V,$613.00,Webstaurant,2022-04-29
2448E,$66.49,Webstaurant,2022-04-29
2448S,$36.99,Webstaurant,2022-04-29
P74-C,$18.99,Webstaurant,2022-04-29
P74-E,$18.99,Webstaurant,2022-04-29
P74-V,$17.99,Webstaurant,2022-04-29
2448NC,$63.00,Webstaurant,2022-04-29
74P,$18.00,Webstaurant,2022-04-29
2448NK3,$76.50,Webstaurant,2022-04-29
74PK3,$21.00,Webstaurant,2022-04-29
2448NS,$253.00,Webstaurant,2022-04-29
74PS,$18.00,Webstaurant,2022-04-29
2448FS,$276.00,Webstaurant,2022-04-29
H-3187C,99,ULine,2022-04-29
H-6797C,36,ULine,2022-04-29
H-6781G,137,ULine,2022-04-29
H-4799,356,ULine,2022-04-29
H-5469-SHELF,440,ULine,2022-04-29
FF2448C,$38.75,Katom,2022-04-29
FF2448G,Not Found,Katom,2022-04-29
FF2448SSS,Not Found,Katom,2022-04-29
FPS2448VNGN,Not Found,Katom,2022-04-29
FG074C,$9.40,Katom,2022-04-29
FGN074C,$13.38,Katom,2022-04-29
FG074G,$11.00,Katom,2022-04-29
FGN074G,Not Found,Katom,2022-04-29
FG074SS,Not Found,Katom,2022-04-29
5GRY9,$64.65,Grainger,2022-04-29
5GTD9,$37.54,Grainger,2022-04-29
2448C,$81.89,Grainger,2022-04-29
P74C,$21.38,Grainger,2022-04-29
2448S,$164.90,Grainger,2022-04-29
P74S-2,$61.45,Grainger,2022-04-29
21Z811,$114.00,Grainger,2022-04-29
22A713,$100.74,Grainger,2022-04-29
21Z842,$331.33,Grainger,2022-04-29
22A721,$182.22,Grainger,2022-04-29
22A230,$423.70,Grainger,2022-04-29
